<?xml version="1.0" encoding="UTF-8"?><module>
   <id>CMM_Documento</id>
   <auto-deploy>true</auto-deploy>
   <configurations>
      
      <!-- Document Library config section -->
      <config condition="DocumentLibrary" evaluator="string-compare" replace="false">
         <aspects>
            <visible>
               <aspect label="test folder" name="pmx:test"/>
               <aspect label="Aspecto Factura" name="pmx:factura_aspect"/>
            </visible>
         </aspects>
         <types>
            <type name="cm:content">
               <subtype label="Factura de productos diversos" name="pmx:Factura"/>
            </type>
         </types>
      </config>

      <!-- Form configuration section - type -->
      <config condition="pmx:Factura" evaluator="node-type">
         <forms>
            <form>
               <field-visibility>
                  <show id="pmx:numero_factura"/>
                  <show id="pmx:producto"/>
                  <show id="pmx:rfc_emisor"/>
                  <show id="pmx:monto"/>
                  <show force="true" id="cm:description"/>
               </field-visibility>
               <appearance>
                  <set appearance="title" id="pmx:Factura_cmm_set0" label-id="Info Factura"/>
                  <field id="pmx:numero_factura" set="pmx:Factura_cmm_set0">
                  </field>
                  <field id="pmx:monto" set="pmx:Factura_cmm_set0">
                  </field>
                  <field id="pmx:rfc_emisor" set="pmx:Factura_cmm_set0">
                  </field>
                  <field id="pmx:producto" set="pmx:Factura_cmm_set0">
                  </field>
                  <field id="cm:description" set="pmx:Factura_cmm_set0">
                  </field>
               </appearance>
            </form>
            
            <!-- Document Library pop-up Edit Metadata form -->
            <form id="doclib-simple-metadata">
               <edit-form template="../documentlibrary/forms/doclib-simple-metadata.ftl"/>
               <field-visibility>
                  <show id="pmx:numero_factura"/>
                  <show id="pmx:producto"/>
                  <show id="pmx:rfc_emisor"/>
                  <show id="pmx:monto"/>
                  <show force="true" id="cm:description"/>
               </field-visibility>
               <appearance>
                  <set appearance="title" id="pmx:Factura_cmm_set0" label-id="Info Factura"/>
                  <field id="pmx:numero_factura" set="pmx:Factura_cmm_set0">
                  </field>
                  <field id="pmx:monto" set="pmx:Factura_cmm_set0">
                  </field>
                  <field id="pmx:rfc_emisor" set="pmx:Factura_cmm_set0">
                  </field>
                  <field id="pmx:producto" set="pmx:Factura_cmm_set0">
                  </field>
                  <field id="cm:description" set="pmx:Factura_cmm_set0">
                  </field>
               </appearance>
            </form>
            
            <!-- Document Library Inline Edit form -->
            <form id="doclib-inline-edit">
               <field-visibility>
                  <show id="cm:name"/>
                  <show force="true" id="cm:content"/>
                  <show force="true" id="cm:title"/>
                  <show force="true" id="cm:description"/>
               </field-visibility>
               <appearance>
                  <field id="cm:name">
                    <control>
                       <control-param name="maxLength">255</control-param>
                    </control>
                  </field>
                  <field id="cm:title">
                     <control template="/org/alfresco/components/form/controls/textfield.ftl"/>
                  </field>
                  <field id="cm:content" label-id="">
                     <control>
                        <control-param name="editorAppearance">explorer</control-param>
                        <control-param name="forceEditor">true</control-param>
                     </control>
                  </field>
               </appearance>
            </form>
         </forms>
      </config>
      
      <!-- Form configuration section - aspect -->
      
      <!-- Entity form designer configuration -->
      <config condition="FormDefinition" evaluator="string-compare">
         <form-definition id="Factura">[{"elementconfig":{"label":"Info Factura","appearance":"title"},"pseudonym":"cmm/editor/layout/1cols","label":"cmm.form-editor.palette.one-column","column":[{"pseudonym":"cmm/editor/property/int","id":"pmx:numero_factura","elementconfig":{"infoname":"numero_factura","infolabel":"N?mero de Factura","infotype":"d:int"},"label":"N?mero de Factura [numero_factura]","type":["property"]},{"pseudonym":"cmm/editor/property/text","id":"pmx:producto","elementconfig":{"infoname":"producto","infolabel":"Producto","infotype":"d:text"},"label":"Producto [producto]","type":["property"]},{"pseudonym":"cmm/editor/property/text","id":"pmx:rfc_emisor","elementconfig":{"infoname":"rfc_emisor","infolabel":"RFC","infotype":"d:text"},"label":"RFC [rfc_emisor]","type":["property"]},{"pseudonym":"cmm/editor/property/float","id":"pmx:monto","elementconfig":{"infoname":"monto","infolabel":"Monto Total","infotype":"d:float"},"label":"Monto Total [monto]","type":["property"]},{"pseudonym":"cmm/editor/property/text","id":"cm:description","elementconfig":{"infoname":"cm:description","infolabel":"Description","infotype":"d:text","force":true},"label":"Description [cm:description]","type":["property"]}],"type":"{type}","alfValidForm":true,"wrapperSettings":{"type":"one"}}]</form-definition>
      </config>

   </configurations>
</module>
