<?xml version="1.0" encoding="UTF-8"?>
<model xmlns="http://www.alfresco.org/model/dictionary/1.0" name="pmx:Documento">
    <description>Documento base para la empresa productos diversos</description>
    <author>Administrator</author>
    <imports>
        <import uri="http://www.alfresco.org/model/content/1.0" prefix="cm"/>
        <import uri="http://www.alfresco.org/model/dictionary/1.0" prefix="d"/>
        <import uri="http://www.alfresco.org/model/content/smartfolder/1.0" prefix="smf"/>
    </imports>
    <namespaces>
        <namespace uri="http://www.productosdiversos.com.mx/model/finanzas" prefix="pmx"/>
    </namespaces>
    <data-types/>
    <constraints/>
    <types>
        <type name="pmx:Factura">
            <title>Factura de productos diversos</title>
            <description>Este es un tipo de documento Factura</description>
            <parent>cm:content</parent>
            <properties>
                <property name="pmx:rfc_emisor">
                    <title>RFC</title>
                    <description>RFC del Emisor</description>
                    <type>d:text</type>
                    <mandatory>true</mandatory>
                    <index enabled="true">
                        <tokenised>TRUE</tokenised>
                        <facetable>false</facetable>
                    </index>
                    <constraints>
                        <constraint name="pmx:LENGTH_d2ad6ff7-ad88-4b71-8771-fe50806ca0f5" type="LENGTH">
                            <parameter name="minLength">
                                <value>1</value>
                            </parameter>
                            <parameter name="maxLength">
                                <value>50</value>
                            </parameter>
                        </constraint>
                    </constraints>
                </property>
                <property name="pmx:numero_factura">
                    <title>Número de Factura</title>
                    <description>Propiedad número de factura</description>
                    <type>d:int</type>
                    <mandatory>true</mandatory>
                    <index enabled="true">
                        <tokenised>TRUE</tokenised>
                    </index>
                </property>
                <property name="pmx:producto">
                    <title>Producto</title>
                    <description>Nombre del producto</description>
                    <type>d:text</type>
                    <mandatory>true</mandatory>
                    <index enabled="true">
                        <tokenised>FALSE</tokenised>
                        <facetable>true</facetable>
                    </index>
                    <constraints>
                        <constraint name="pmx:LIST_b5aebca6-aba5-4ded-8882-0d0db250a902" type="LIST">
                            <parameter name="allowedValues">
                                <list>
                                    <value>Construcción</value>
                                    <value>Gases combustibles</value>
                                    <value>Gasolinas</value>
                                    <value>Uso Industrial</value>
                                    <value>Transportes</value>
                                </list>
                            </parameter>
                            <parameter name="caseSensitive">
                                <value>true</value>
                            </parameter>
                            <parameter name="sorted">
                                <value>false</value>
                            </parameter>
                        </constraint>
                    </constraints>
                </property>
                <property name="pmx:monto">
                    <title>Monto Total</title>
                    <description>Monto total asociado</description>
                    <type>d:float</type>
                    <mandatory>true</mandatory>
                    <default>0.0</default>
                    <index enabled="true">
                        <tokenised>TRUE</tokenised>
                    </index>
                    <constraints>
                        <constraint name="pmx:MINMAX_0595645b-34ea-40ed-886d-8c5297927576" type="MINMAX">
                            <parameter name="minValue">
                                <value>0.0</value>
                            </parameter>
                            <parameter name="maxValue">
                                <value>9.999999999E9</value>
                            </parameter>
                        </constraint>
                    </constraints>
                </property>
            </properties>
            <associations/>
            <overrides/>
            <mandatory-aspects/>
        </type>
    </types>
    <aspects>
        <aspect name="pmx:test">
            <title>test folder</title>
            <parent>smf:smartFolder</parent>
            <properties/>
            <associations/>
            <overrides/>
            <mandatory-aspects/>
        </aspect>
        <aspect name="pmx:factura_aspect">
            <title>Aspecto Factura</title>
            <description>Este es un aspecto para factura</description>
            <properties>
                <property name="pmx:rfc_aspecto">
                    <title>RFC Aspecto</title>
                    <description>RFC </description>
                    <type>d:text</type>
                    <mandatory>false</mandatory>
                    <index enabled="true">
                        <tokenised>TRUE</tokenised>
                        <facetable>false</facetable>
                    </index>
                    <constraints>
                        <constraint name="pmx:LENGTH_0d195983-7953-45c6-8bdd-683f29f3f676" type="LENGTH">
                            <parameter name="maxLength">
                                <value>50</value>
                            </parameter>
                            <parameter name="minLength">
                                <value>0</value>
                            </parameter>
                        </constraint>
                    </constraints>
                </property>
                <property name="pmx:monto_total_aspecto">
                    <title>Monto Total Aspecto</title>
                    <description>Monto Total Aspecto </description>
                    <type>d:float</type>
                    <mandatory>false</mandatory>
                    <default>0.0</default>
                    <index enabled="true">
                        <tokenised>TRUE</tokenised>
                    </index>
                    <constraints>
                        <constraint name="pmx:MINMAX_21a5cb2b-5a5c-4acc-85e8-a3bc60054d3f" type="MINMAX">
                            <parameter name="minValue">
                                <value>0.0</value>
                            </parameter>
                            <parameter name="maxValue">
                                <value>9.999999999E9</value>
                            </parameter>
                        </constraint>
                    </constraints>
                </property>
                <property name="pmx:numero_factura_a">
                    <title>Número de Factura Aspecto</title>
                    <description>Esta propiedad corresponde al número de factura</description>
                    <type>d:int</type>
                    <mandatory>true</mandatory>
                    <index enabled="true">
                        <tokenised>TRUE</tokenised>
                        <facetable>true</facetable>
                    </index>
                </property>
                <property name="pmx:producto_aspecto">
                    <title>Producto Aspecto</title>
                    <description>Producto de la factura</description>
                    <type>d:text</type>
                    <mandatory>true</mandatory>
                    <index enabled="true">
                        <tokenised>TRUE</tokenised>
                        <facetable>false</facetable>
                    </index>
                    <constraints>
                        <constraint name="pmx:LIST_24d1d8d4-bcc5-4da5-83b7-0797a45e4296" type="LIST">
                            <parameter name="allowedValues">
                                <list>
                                    <value>Construcción</value>
                                    <value>Gases Combustibles</value>
                                    <value>Gasolinas</value>
                                    <value>Transportes</value>
                                    <value>Uso Industrial</value>
                                </list>
                            </parameter>
                            <parameter name="caseSensitive">
                                <value>true</value>
                            </parameter>
                            <parameter name="sorted">
                                <value>false</value>
                            </parameter>
                        </constraint>
                    </constraints>
                </property>
            </properties>
            <associations/>
            <overrides/>
            <mandatory-aspects/>
        </aspect>
    </aspects>
</model>